Ligand_name,Status,Is_active,Best_affinity_kcal_mol,Label,Formula,MW_Da,LogP,HBD,HBA,RotB,TPSA_A2,Runtime_s
CHEMBL4062018,FAILED: Bad Conformer Id,1,,,,,,,,,,
CHEMBL4063829,FAILED: Bad Conformer Id,1,,,,,,,,,,
CHEMBL4070657,FAILED: Bad Conformer Id,1,,,,,,,,,,
CHEMBL4082777,FAILED: Bad Conformer Id,1,,,,,,,,,,
CHEMBL4099289,FAILED: Bad Conformer Id,1,,,,,,,,,,
CHEMBL4083770,FAILED: Bad Conformer Id,1,,,,,,,,,,
CHEMBL4075048,FAILED: Bad Conformer Id,1,,,,,,,,,,
CHEMBL4089137,FAILED: Bad Conformer Id,1,,,,,,,,,,
CHEMBL4081818,FAILED: Bad Conformer Id,1,,,,,,,,,,
CHEMBL4091553,FAILED: Bad Conformer Id,1,,,,,,,,,,
CHEMBL4081270,FAILED: Bad Conformer Id,1,,,,,,,,,,
CHEMBL5841841,SUCCESS,1,-5.829,active,C27H29ClFN7+2,505.215,2.373,2.0,5.0,5.0,89.4,47.64
CHEMBL5826560,SUCCESS,1,-5.781,active,C28H31ClFN7+2,519.23,2.763,2.0,5.0,6.0,89.4,50.43
CHEMBL6029519,SUCCESS,1,-6.389,active,C30H39FN6O+2,518.316,2.241,2.0,5.0,7.0,72.19,70.97
CHEMBL5849129,SUCCESS,1,-6.061,active,C27H30ClFN6O+2,508.214,2.951,2.0,5.0,8.0,95.39,75.53
CHEMBL5803323,SUCCESS,1,-6.332,active,C29H38FN7O+2,519.311,1.854,2.0,6.0,8.0,85.08,76.43
CHEMBL6049217,SUCCESS,1,-5.822,active,C25H25FN5O+,430.204,3.167,2.0,5.0,5.0,78.75,28.72
CHEMBL5880902,SUCCESS,1,-6.286,active,C31H38F2N6O+2,548.306,2.333,2.0,5.0,6.0,72.19,82.15
CHEMBL5822200,SUCCESS,1,-5.643,active,C30H38F2N6O+2,536.306,2.598,2.0,5.0,8.0,72.19,82.71
CHEMBL5975644,SUCCESS,1,-5.437,active,C30H39FN6O+2,518.316,2.459,2.0,5.0,8.0,72.19,83.16
CHEMBL5749495,SUCCESS,1,-5.291,active,C30H39FN6O+2,518.316,2.288,2.0,5.0,8.0,72.19,85.76
CHEMBL6053648,SUCCESS,1,-6.06,active,C30H38F2N6O+2,536.306,2.407,2.0,5.0,8.0,72.19,87.51
CHEMBL5955588,SUCCESS,1,-6.376,active,C31H39FN6O+2,530.316,2.387,2.0,5.0,7.0,72.19,89.71
CHEMBL5849451,SUCCESS,1,-5.233,active,C31H41FN6O+2,532.331,2.849,2.0,5.0,9.0,72.19,93.42
CHEMBL5187854,SUCCESS,1,-8.033,active,C33H34F2N6O+2,568.275,2.609,2.0,5.0,5.0,72.19,94.07
CHEMBL5801037,SUCCESS,1,-6.292,active,C30H32FN6O3+,543.251,2.994,2.0,7.0,6.0,108.29,96.59
CHEMBL5870343,SUCCESS,1,-5.872,active,C31H40F2N6O+2,550.322,2.482,2.0,5.0,9.0,72.19,100.47
CHEMBL5834246,SUCCESS,1,-5.715,active,C30H37F3N6O+2,554.297,2.488,2.0,5.0,8.0,72.19,101.72
CHEMBL5798369,SUCCESS,1,-5.435,active,C30H37ClF2N6O2+2,586.262,2.766,3.0,6.0,9.0,92.42,107.61
CHEMBL5792008,SUCCESS,1,-6.041,active,C30H37F3N6O2+2,570.292,2.251,3.0,6.0,9.0,92.42,107.97
CHEMBL5844159,SUCCESS,1,-6.461,active,C32H33F2N7O+2,569.27,1.813,2.0,6.0,5.0,85.08,112.85
CHEMBL4863339,SUCCESS,1,-6.377,active,C33H35FN6O2+2,566.279,2.175,3.0,6.0,6.0,92.42,112.66
CHEMBL6020482,SUCCESS,1,-6.296,active,C32H36F2N6O+2,558.291,3.016,2.0,5.0,6.0,72.19,114.61
CHEMBL4867851,SUCCESS,1,-5.766,active,C33H34F2N6O2+2,584.27,2.315,3.0,6.0,6.0,92.42,121.64
CHEMBL5762355,SUCCESS,1,-6.124,active,C35H39FN6O+2,578.316,3.25,2.0,5.0,6.0,72.19,123.34
CHEMBL5748610,SUCCESS,1,-5.689,active,C31H36ClFN6O2+2,578.256,2.357,3.0,6.0,9.0,92.42,125.78
CHEMBL5840711,SUCCESS,1,-6.694,active,C33H38F2N6O2+2,588.301,2.896,3.0,6.0,8.0,92.42,120.47
CHEMBL4876040,SUCCESS,1,-6.465,active,C33H34F2N6O2+2,584.27,2.123,3.0,6.0,6.0,92.42,132.19
CHEMBL5771492,SUCCESS,1,-5.287,active,C31H36ClFN6O2+2,578.256,2.623,2.0,6.0,9.0,81.42,137.88
CHEMBL4858364,SUCCESS,1,-6.393,active,C33H33F3N6O2+2,602.261,2.263,3.0,6.0,6.0,92.42,138.5
CHEMBL4863371,SUCCESS,1,-9.342,active,C33H37F3N6O2+2,606.292,2.844,3.0,6.0,8.0,92.42,130.09
CHEMBL5081048,SUCCESS,1,-5.873,active,C33H33F3N6O2+2,602.261,2.263,3.0,6.0,6.0,92.42,138.48
CHEMBL5273122,SUCCESS,1,-5.702,active,C34H33F3N5O3+,616.253,4.108,2.0,7.0,6.0,85.04,138.85
CHEMBL5279240,SUCCESS,1,-6.037,active,C34H37F3N5O3+,620.284,4.689,2.0,7.0,8.0,85.04,129.09
CHEMBL6031895,SUCCESS,1,-6.037,active,C33H37ClF2N6O+2,606.267,3.726,2.0,5.0,7.0,72.19,139.46
CHEMBL5289987,SUCCESS,1,-6.456,active,C34H37F3N5O3+,620.284,4.281,3.0,7.0,9.0,96.04,132.79
CHEMBL5090412,SUCCESS,1,-6.125,active,C28H32FN7O+2,501.264,0.937,3.0,6.0,7.0,86.43,52.07
CHEMBL5823031,SUCCESS,1,-5.907,active,C29H33ClFN7+2,533.246,2.275,2.0,5.0,7.0,66.2,53.69
CHEMBL6048506,SUCCESS,1,-6.605,active,C33H38F2N6O2+2,588.301,2.705,3.0,6.0,8.0,92.42,133.5
CHEMBL5275926,SUCCESS,1,-6.222,active,C35H40F2N5O3+,616.309,4.858,2.0,7.0,9.0,85.04,137.64
CHEMBL5844637,SUCCESS,1,-5.546,active,C32H35FN7O2+,568.283,4.078,2.0,7.0,11.0,105.8,148.21
CHEMBL5762802,SUCCESS,1,-5.957,active,C34H37FN6O3+2,596.29,1.8,3.0,7.0,8.0,101.65,151.51
CHEMBL5276699,SUCCESS,1,-5.425,active,C34H36F3N6O3+,633.28,3.788,3.0,7.0,8.0,104.91,145.79
CHEMBL5830939,SUCCESS,1,-5.77,active,C29H37FN6O+2,504.3,1.898,2.0,5.0,7.0,72.19,72.1
CHEMBL5267786,SUCCESS,1,-6.319,active,C34H36F3N6O4+,649.274,4.008,3.0,8.0,8.0,114.14,149.36
CHEMBL5569441,SUCCESS,1,-6.002,active,C31H37FN6O2+2,544.295,2.222,3.0,6.0,9.0,92.42,93.33
CHEMBL5910271,SUCCESS,1,-5.688,active,C31H38FN7O+2,543.311,2.31,2.0,5.0,7.0,77.12,86.2
CHEMBL6007543,SUCCESS,1,-5.513,active,C27H31FN6O2+2,490.248,1.127,3.0,6.0,9.0,92.42,77.58
CHEMBL6028944,SUCCESS,1,-6.205,active,C32H37F2N7O+2,573.302,2.394,2.0,6.0,7.0,85.08,105.24
CHEMBL5793285,SUCCESS,1,-5.787,active,C29H38FN7O+2,519.311,1.401,2.0,6.0,8.0,75.43,83.97
CHEMBL5286301,SUCCESS,1,-6.686,active,C35H40F2N5O3+,616.309,4.532,3.0,7.0,9.0,96.04,124.46
CHEMBL4849611,SUCCESS,1,-4.946,active,C30H39IN6O2+2,642.217,1.721,3.0,6.0,10.0,82.77,100.63
CHEMBL5279657,SUCCESS,1,-6.173,active,C34H38F2N5O3+,602.294,4.55,2.0,7.0,8.0,85.04,122.14
CHEMBL5826781,SUCCESS,1,-6.154,active,C28H31ClFN7O+2,535.225,2.003,2.0,6.0,6.0,85.08,87.18
CHEMBL4852554,SUCCESS,1,-5.449,active,C31H35F2N5O2+2,547.275,2.652,3.0,5.0,10.0,79.53,114.34
CHEMBL5797725,SUCCESS,1,-6.561,active,C29H29ClFN6O2+,547.202,3.409,1.0,6.0,6.0,88.06,103.28
CHEMBL5899736,SUCCESS,1,-6.586,active,C29H34N6O2+2,498.273,1.521,3.0,6.0,7.0,92.42,82.7
CHEMBL5808083,SUCCESS,1,-5.804,active,C29H32BrFN6O2+2,594.174,2.423,3.0,6.0,7.0,92.42,87.37
CHEMBL5975993,SUCCESS,1,-5.391,active,C29H33ClN6O2+2,532.234,2.174,3.0,6.0,7.0,92.42,89.48
CHEMBL5932864,SUCCESS,1,-6.426,active,C29H37FN6O+2,504.3,1.68,2.0,5.0,6.0,72.19,77.71
CHEMBL5909135,SUCCESS,1,-6.129,active,C30H33ClF2N6O+2,566.236,2.948,2.0,5.0,6.0,72.19,103.42
CHEMBL5759871,SUCCESS,1,-5.86,active,C29H33ClN6O+2,516.239,2.469,2.0,5.0,6.0,72.19,74.4
CHEMBL5986167,SUCCESS,1,-5.915,active,C29H33FN6O+2,500.269,1.954,2.0,5.0,6.0,72.19,78.63
CHEMBL5972293,SUCCESS,1,-5.838,active,C30H39FN6O+2,518.316,2.025,2.0,5.0,8.0,72.19,89.43
CHEMBL4878409,SUCCESS,1,-5.373,active,C30H37BrF2N6O2+2,630.212,2.124,3.0,6.0,10.0,82.77,129.25
CHEMBL5819579,SUCCESS,1,-6.3,active,C29H32F2N6O+2,518.259,2.094,2.0,5.0,6.0,72.19,86.83
CHEMBL5854165,SUCCESS,1,-6.364,active,C29H32ClFN6O+2,534.23,2.608,2.0,5.0,6.0,72.19,86.97
CHEMBL5986609,SUCCESS,1,-5.845,active,C30H37FN6O+2,516.3,1.779,2.0,5.0,6.0,72.19,89.59
CHEMBL4853619,SUCCESS,1,-5.837,active,C29H36BrFN6O2+2,598.206,1.579,3.0,6.0,7.0,82.77,80.06
CHEMBL5892737,SUCCESS,1,-5.65,active,C29H32ClFN6O2+2,550.225,2.227,3.0,6.0,7.0,92.42,89.49
CHEMBL5807259,SUCCESS,1,-5.611,active,C29H31ClF2N6O+2,552.22,2.747,2.0,5.0,6.0,72.19,97.25
CHEMBL5783210,SUCCESS,1,-5.783,active,C29H32F2N6O2+2,534.254,1.608,3.0,6.0,7.0,92.42,93.57
CHEMBL5940803,SUCCESS,1,-5.96,active,C30H32FN7O+2,525.264,1.826,2.0,6.0,6.0,95.98,103.27
CHEMBL5782564,SUCCESS,1,-7.784,active,C29H32ClFN6O+2,534.23,2.465,2.0,5.0,6.0,72.19,96.62
CHEMBL5989236,SUCCESS,1,-8.894,active,C30H34FN7O3+2,559.27,0.516,4.0,7.0,8.0,135.51,130.3
CHEMBL5430198,SUCCESS,1,-5.435,active,C29H30ClF2N7OS+2,597.188,2.867,3.0,7.0,7.0,109.11,124.12
CHEMBL5875276,SUCCESS,1,-8.063,active,C24H23FN5O2+,432.183,2.613,2.0,6.0,5.0,87.98,41.55
CHEMBL5977600,SUCCESS,1,-5.619,active,C37H41F2N7O4+2,685.318,2.381,3.0,8.0,10.0,121.96,262.34
CHEMBL5754583,SUCCESS,1,-5.515,active,C26H27FN5O3+,476.209,2.629,2.0,7.0,8.0,97.21,68.97
CHEMBL5789006,SUCCESS,1,-5.615,active,C32H37N7O+2,535.305,2.271,2.0,6.0,8.0,95.98,128.61
CHEMBL5996049,SUCCESS,1,-4.703,active,C37H41F2N7O3+2,669.323,2.676,2.0,7.0,9.0,101.73,273.62
CHEMBL6028889,SUCCESS,1,-5.665,active,C37H46FN7O4+2,671.358,2.823,3.0,8.0,12.0,121.96,268.29
CHEMBL6022871,SUCCESS,1,-5.368,active,C32H35FN6O2+2,554.279,1.298,3.0,6.0,7.0,92.42,139.03
CHEMBL5828205,SUCCESS,1,-6.418,active,C36H44FN7O4+2,657.343,2.481,4.0,8.0,11.0,130.75,231.08
CHEMBL5835902,SUCCESS,1,-5.371,active,C28H35FN6OS+2,522.257,2.057,2.0,6.0,7.0,72.19,68.53
CHEMBL6004770,SUCCESS,1,-5.887,active,C26H28ClFN6O+2,494.199,2.561,2.0,5.0,7.0,95.39,64.29
CHEMBL5954685,SUCCESS,1,-6.244,active,C28H34ClFN6O2+2,540.24,1.997,2.0,6.0,7.0,81.42,76.17
CHEMBL5963446,SUCCESS,1,-6.294,active,C29H37FN6O2+2,520.295,1.652,2.0,6.0,8.0,81.42,79.6
CHEMBL6042399,SUCCESS,1,-6.227,active,C36H44FN7O3+2,641.348,2.776,3.0,7.0,10.0,110.52,211.89
CHEMBL5829922,SUCCESS,1,-5.679,active,C37H45F2N7O4+2,689.349,2.963,3.0,8.0,12.0,121.96,292.07
CHEMBL5768450,SUCCESS,1,-6.686,active,C28H34F2N6O+2,508.275,1.783,2.0,5.0,6.0,72.19,67.42
CHEMBL5798338,SUCCESS,1,-5.942,active,C29H32ClFN6O2+2,550.225,2.281,2.0,6.0,7.0,93.59,99.43
CHEMBL6001924,SUCCESS,1,-6.004,active,C31H39FN6O+2,530.316,2.459,2.0,5.0,7.0,72.19,93.62
CHEMBL5888364,SUCCESS,1,-6.198,active,C31H39FN6O+2,530.316,2.459,2.0,5.0,7.0,72.19,86.16
CHEMBL5870307,SUCCESS,1,-6.847,active,C28H33FN6O2+2,504.264,1.516,3.0,6.0,10.0,92.42,93.09
CHEMBL5913499,SUCCESS,1,-7.771,active,C30H34ClFN6O2+2,564.24,2.233,2.0,6.0,8.0,81.42,112.72
CHEMBL6013556,SUCCESS,1,-6.159,active,C32H35ClF2N6O2+2,608.247,2.715,2.0,6.0,7.0,81.42,111.42
CHEMBL5803462,SUCCESS,1,-6.691,active,C33H38F2N6O2+2,588.301,2.583,2.0,6.0,8.0,81.42,123.49
CHEMBL5985025,SUCCESS,1,-5.795,active,C31H39FN6O+2,530.316,2.459,2.0,5.0,7.0,72.19,96.0
CHEMBL5934017,SUCCESS,1,-6.806,active,C29H34F2N8O+2,548.281,1.468,3.0,6.0,6.0,100.87,82.99
CHEMBL5961984,SUCCESS,1,-8.139,active,C30H34ClFN6O2+2,564.24,2.233,2.0,6.0,8.0,81.42,116.77
CHEMBL5985734,SUCCESS,1,-5.915,active,C28H35FN6O2+2,506.279,1.349,3.0,6.0,7.0,92.42,63.79
CHEMBL5938991,SUCCESS,1,-6.831,active,C32H36ClFN6O+2,574.261,3.45,2.0,5.0,6.0,72.19,98.57
CHEMBL4876243,SUCCESS,1,-6.79,active,C32H36F2N6O3+2,590.281,1.958,3.0,7.0,8.0,101.65,144.25
CHEMBL5418527,SUCCESS,1,-6.292,active,C27H32ClF4N7O+2,581.228,2.364,3.0,6.0,8.0,98.21,95.02
CHEMBL5889261,SUCCESS,1,-6.196,active,C32H36F2N6O2S+2,606.258,2.864,3.0,7.0,8.0,92.42,123.94
CHEMBL5884483,SUCCESS,1,-5.62,active,C32H39FN6O3+2,574.306,2.067,3.0,7.0,10.0,101.65,146.71
CHEMBL5424715,SUCCESS,1,-5.657,active,C26H32ClF4N7O+2,569.228,2.222,3.0,6.0,9.0,98.21,98.39
CHEMBL5810384,SUCCESS,1,-6.285,active,C29H35FN8O+2,530.291,1.52,3.0,6.0,6.0,100.87,76.93
CHEMBL5897986,SUCCESS,1,-6.038,active,C31H37ClF2N6O2+2,598.262,2.766,3.0,6.0,8.0,92.42,123.19
CHEMBL5911561,SUCCESS,1,-5.903,active,C30H35FN6O+2,514.285,2.263,2.0,5.0,7.0,72.19,75.09
CHEMBL5999616,SUCCESS,1,-5.718,active,C28H34F2N6O2+2,524.27,1.297,3.0,6.0,7.0,92.42,73.43
CHEMBL5772356,SUCCESS,1,-6.32,active,C30H37FN8OS+2,576.278,2.144,3.0,8.0,8.0,111.1,94.39
CHEMBL5410069,SUCCESS,1,-6.544,active,C29H34ClF4N7O+2,607.244,2.898,3.0,6.0,7.0,98.21,114.61
CHEMBL5824370,SUCCESS,1,-6.391,active,C31H41FN6O+2,532.331,2.767,2.0,5.0,9.0,72.19,83.72
CHEMBL6034191,SUCCESS,1,-6.814,active,C33H37ClFN7O3+2,633.262,2.477,3.0,7.0,7.0,110.52,185.01
CHEMBL5891155,SUCCESS,1,-7.051,active,C30H36F2N8OS+2,594.269,2.092,3.0,8.0,8.0,111.1,105.45
CHEMBL5410609,SUCCESS,1,-5.771,active,C29H33ClF5N7O+2,625.234,2.846,3.0,6.0,7.0,98.21,122.49
CHEMBL5990291,SUCCESS,1,-6.343,active,C30H35FN6O+2,514.285,2.263,2.0,5.0,7.0,72.19,78.39
CHEMBL6040613,SUCCESS,1,-6.426,active,C29H35FN8OS+2,562.263,1.836,3.0,8.0,7.0,111.1,93.16
CHEMBL5871976,SUCCESS,1,-6.37,active,C30H36FN7O+2,529.295,1.827,2.0,5.0,6.0,77.12,81.34
CHEMBL5860569,SUCCESS,1,-4.889,active,C39H48FN7O4+2,697.374,2.888,2.0,8.0,9.0,110.96,304.45
CHEMBL5896634,SUCCESS,1,-8.74,active,C28H27FN7O2+,512.22,2.917,2.0,7.0,7.0,105.8,91.07
CHEMBL6037037,SUCCESS,1,-5.067,active,C34H39ClFN7O3+2,647.278,2.867,3.0,7.0,8.0,110.52,219.31
CHEMBL5941525,SUCCESS,1,-6.494,active,C34H39ClFN7O3+2,647.278,2.867,3.0,7.0,8.0,110.52,205.01
CHEMBL5949842,SUCCESS,1,-5.508,active,C29H30FN8O+,525.252,2.992,3.0,7.0,8.0,108.6,88.35
CHEMBL5991829,SUCCESS,1,-5.695,active,C37H37ClFN7O3+2,681.262,2.829,3.0,7.0,9.0,118.36,242.02
CHEMBL5975193,SUCCESS,1,-8.21,active,C29H28F2N7O+,528.232,3.393,1.0,6.0,7.0,85.57,107.22
CHEMBL6021311,SUCCESS,1,-6.325,active,C37H37ClFN7O3+2,681.262,2.829,3.0,7.0,9.0,118.36,249.85
CHEMBL5865092,SUCCESS,1,-7.262,active,C37H37ClFN7O3+2,681.262,2.829,3.0,7.0,9.0,118.36,251.95
CHEMBL5904363,SUCCESS,1,-5.901,active,C28H27FN7O2+,512.22,2.917,2.0,7.0,7.0,105.8,88.68
CHEMBL5822939,SUCCESS,1,-5.98,active,C32H36ClN5O2+2,557.255,2.843,2.0,5.0,7.0,68.53,115.22
CHEMBL5787315,SUCCESS,1,-5.791,active,C29H29FN7O2+,526.236,2.959,2.0,7.0,8.0,105.8,96.2
CHEMBL5805430,SUCCESS,1,-6.478,active,C31H34ClFN6O+2,560.246,3.142,2.0,5.0,5.0,72.19,92.87
CHEMBL6052717,SUCCESS,1,-6.503,active,C28H31F3N6O3+2,556.24,1.657,2.0,7.0,5.0,90.65,83.47
CHEMBL4857517,SUCCESS,1,-5.225,active,C33H44N6O3+2,572.346,1.195,3.0,7.0,9.0,92.0,131.42
CHEMBL6027140,SUCCESS,1,-7.478,active,C28H31ClF4N6O+2,578.217,3.008,2.0,5.0,5.0,72.19,101.92
CHEMBL5925566,SUCCESS,1,-7.017,active,C30H36F2N6O+2,534.291,1.772,2.0,5.0,5.0,72.19,97.19
CHEMBL4872788,SUCCESS,1,-6.419,active,C31H36F2N6O+2,546.291,1.943,2.0,5.0,5.0,72.19,103.04
CHEMBL5933665,SUCCESS,1,-6.148,active,C28H32FN7OS+2,533.236,1.945,2.0,7.0,5.0,85.08,86.02
CHEMBL6018222,SUCCESS,1,-6.074,active,C28H28ClF3N6O+2,556.195,2.902,2.0,5.0,5.0,84.36,99.46
CHEMBL5751574,SUCCESS,1,-6.366,active,C32H36ClFN6O+2,574.261,3.532,2.0,5.0,5.0,72.19,103.85
CHEMBL5431156,SUCCESS,1,-4.616,active,C23H18ClF2N6S+,483.096,3.811,2.0,6.0,3.0,95.44,36.41
CHEMBL6059887,SUCCESS,1,-5.12,active,C27H32ClFN6O+2,510.23,1.989,2.0,5.0,5.0,72.19,75.81
CHEMBL5864164,SUCCESS,1,-6.06,active,C33H39ClFN7O4+2,651.273,1.959,3.0,8.0,11.0,119.75,253.61
CHEMBL5820584,SUCCESS,1,-7.823,active,C31H34ClFN6O2+2,576.24,2.378,2.0,6.0,5.0,81.42,105.97
CHEMBL5893982,SUCCESS,1,-6.704,active,C31H32ClF3N6O+2,596.227,3.387,2.0,5.0,5.0,72.19,107.92
CHEMBL5996378,SUCCESS,1,-6.316,active,C31H34F2N6O+2,544.275,2.628,2.0,5.0,5.0,72.19,99.4
CHEMBL5764818,SUCCESS,1,-6.778,active,C28H33F3N6O+2,526.266,2.273,2.0,5.0,6.0,72.19,91.49
CHEMBL5971110,SUCCESS,1,-5.837,active,C30H37FN6O+2,516.3,2.213,2.0,5.0,6.0,72.19,89.78
CHEMBL5742538,SUCCESS,1,-6.046,active,C31H32ClF3N6O+2,596.227,3.038,2.0,5.0,5.0,72.19,115.16
CHEMBL5781677,SUCCESS,1,-5.948,active,C29H31F7N6O+2,612.244,3.373,2.0,5.0,5.0,72.19,136.0
CHEMBL5880284,SUCCESS,1,-6.408,active,C27H31ClF2N6O+2,528.22,1.937,2.0,5.0,5.0,72.19,81.06
CHEMBL5889230,SUCCESS,1,-5.955,active,C33H40F2N6O+2,574.322,2.723,2.0,5.0,6.0,72.19,134.2
CHEMBL6019893,SUCCESS,1,-6.459,active,C30H36F2N6O+2,534.291,2.161,2.0,5.0,6.0,72.19,94.15
CHEMBL5796080,SUCCESS,1,-4.807,active,C34H40F2N6O+2,586.322,3.391,2.0,5.0,8.0,72.19,144.1
CHEMBL5751096,SUCCESS,1,-7.968,active,C28H33F3N6O2+2,542.261,1.937,2.0,6.0,7.0,81.42,92.83
CHEMBL5782738,SUCCESS,1,-5.509,active,C30H36F2N6O+2,534.291,2.352,2.0,5.0,6.0,72.19,82.3
CHEMBL6039258,SUCCESS,1,-5.532,active,C31H38F2N6O+2,548.306,2.551,2.0,5.0,6.0,72.19,113.7
CHEMBL6037946,SUCCESS,1,-6.299,active,C32H35Cl2FN6O+2,608.222,3.749,2.0,5.0,6.0,72.19,137.74
CHEMBL5978325,SUCCESS,1,-5.279,active,C29H33F5N6O+2,576.263,2.388,2.0,5.0,6.0,72.19,116.92
CHEMBL5962849,SUCCESS,1,-6.265,active,C32H33F5N6O+2,612.263,3.455,2.0,5.0,5.0,72.19,152.18
CHEMBL5956536,SUCCESS,1,-5.375,active,C28H32F4N6O2+2,560.251,2.076,2.0,6.0,7.0,81.42,90.15
CHEMBL5887792,SUCCESS,1,-6.744,active,C33H36FN9O+2,593.302,2.274,3.0,7.0,6.0,113.76,159.3
CHEMBL4750445,SUCCESS,1,-5.504,active,C31H29N6O2+,517.235,3.706,4.0,3.0,9.0,104.48,193.65
CHEMBL6018779,SUCCESS,1,-5.997,active,C30H36F2N6O+2,534.291,2.161,2.0,5.0,6.0,72.19,108.06
CHEMBL6054826,SUCCESS,1,-6.33,active,C32H33ClF4N6O+2,628.233,3.93,2.0,5.0,5.0,72.19,147.06
CHEMBL6014620,SUCCESS,1,-6.433,active,C30H32ClF2N7O+2,579.231,2.485,2.0,6.0,5.0,85.08,108.23
CHEMBL5911765,SUCCESS,1,-6.46,active,C26H28ClFN8O+2,522.205,0.594,4.0,5.0,6.0,131.39,90.43
CHEMBL5846262,SUCCESS,1,-7.012,active,C27H31Cl2F2N7O+2,577.192,2.364,3.0,6.0,6.0,98.21,85.61
CHEMBL5975050,SUCCESS,1,-5.44,active,C33H36FN7O2+2,581.29,2.334,3.0,7.0,7.0,116.21,115.51
CHEMBL5875732,SUCCESS,1,-6.425,active,C27H33F2N7O+2,509.27,1.057,3.0,6.0,6.0,98.21,70.51
CHEMBL6020950,SUCCESS,1,-5.723,active,C27H30ClFN8O+2,536.22,0.984,4.0,5.0,7.0,131.39,108.04
CHEMBL5995963,SUCCESS,1,-6.552,active,C27H31ClF3N7O+2,561.222,1.658,3.0,6.0,6.0,98.21,79.38
CHEMBL5745958,SUCCESS,1,-6.035,active,C32H33ClFN7O+2,585.241,2.892,2.0,6.0,5.0,95.98,121.97
CHEMBL5802120,SUCCESS,1,-6.31,active,C26H26FN6O2+,473.21,1.785,3.0,7.0,5.0,102.22,31.94
CHEMBL6043769,SUCCESS,1,-7.453,active,C27H28FN6O+,471.23,3.204,2.0,6.0,4.0,81.99,27.65
CHEMBL5916759,SUCCESS,1,-6.513,active,C28H33FN8OS+2,548.247,1.527,3.0,8.0,6.0,111.1,76.82
CHEMBL6001577,SUCCESS,1,-5.862,active,C27H28FN6O2+,487.225,2.175,3.0,7.0,6.0,102.22,49.58
CHEMBL5820989,SUCCESS,1,-6.225,active,C28H32F2N8OS+2,566.238,1.666,3.0,8.0,6.0,111.1,82.5
CHEMBL5747038,SUCCESS,1,-6.499,active,C29H30FN6O2+,513.241,2.831,2.0,7.0,4.0,91.22,35.63
CHEMBL6041558,SUCCESS,1,-7.185,active,C25H25FN5O3+,462.194,1.975,3.0,7.0,7.0,108.21,58.82
CHEMBL5428238,SUCCESS,1,-6.632,active,C31H31ClF3N7OS+2,641.194,3.349,3.0,7.0,6.0,109.11,131.9
CHEMBL5426739,SUCCESS,1,-6.776,active,C31H33ClF3N7O+2,611.238,2.811,3.0,6.0,6.0,98.21,113.78
CHEMBL5971069,SUCCESS,1,-7.596,active,C26H27FN5O3+,476.209,2.365,3.0,7.0,8.0,108.21,66.29
CHEMBL5748017,SUCCESS,1,-5.134,active,C35H36ClFN6O+2,610.261,4.178,2.0,5.0,7.0,72.19,199.05
CHEMBL5980144,SUCCESS,1,-8.748,active,C28H29FN5O4S+,550.192,2.56,2.0,8.0,5.0,122.12,85.0
CHEMBL5780126,SUCCESS,1,-6.154,active,C33H38FN7O2+2,583.306,1.516,3.0,6.0,7.0,115.28,124.47
CHEMBL5418176,SUCCESS,1,-6.977,active,C31H34ClF2N7O+2,593.247,2.672,3.0,6.0,6.0,98.21,103.7
CHEMBL5891278,SUCCESS,1,-6.063,active,C34H39FN7O+3,580.318,1.082,3.0,5.0,6.0,99.83,131.88
CHEMBL6049931,SUCCESS,1,-6.427,active,C28H29FN5O2S+,518.202,3.879,2.0,7.0,5.0,87.98,51.87
CHEMBL5393883,SUCCESS,1,-5.53,active,C31H32ClF2N7OS+2,623.203,3.21,3.0,7.0,6.0,109.11,146.46
CHEMBL5397425,SUCCESS,1,-6.935,active,C29H31ClF3N7OS+2,617.194,2.873,3.0,7.0,6.0,98.21,110.64
CHEMBL5839176,SUCCESS,1,-6.575,active,C30H29FN7O2+,538.236,3.203,3.0,8.0,8.0,126.89,115.79
CHEMBL6007497,SUCCESS,1,-6.648,active,C29H29F3N5O2+,536.227,4.561,2.0,6.0,5.0,87.98,63.41
CHEMBL6000629,SUCCESS,1,-6.256,active,C28H27ClFN8O+,545.197,3.41,2.0,7.0,7.0,111.59,113.15
CHEMBL6062553,SUCCESS,1,-6.485,active,C30H28ClFN7O+,556.202,4.151,2.0,7.0,7.0,106.66,124.18
CHEMBL5917657,SUCCESS,1,-6.925,active,C29H31FN5O2+,500.246,4.173,2.0,6.0,6.0,87.98,55.43
CHEMBL5408369,SUCCESS,1,-6.009,active,C32H31F6N7OS+2,675.22,3.715,3.0,7.0,6.0,109.11,177.18
CHEMBL5405632,SUCCESS,1,-5.575,active,C32H33ClF3N7OS+2,655.21,3.597,3.0,7.0,8.0,109.11,185.94
CHEMBL5753548,SUCCESS,1,-5.646,active,C29H27ClF2N7O2+,578.188,3.268,2.0,7.0,8.0,105.8,112.21
CHEMBL5982513,SUCCESS,1,-6.273,active,C27H26F4N5O2+,528.202,4.325,2.0,6.0,7.0,87.98,74.45
CHEMBL5765688,SUCCESS,1,-6.638,active,C26H23ClF4N5O2+,548.147,4.589,2.0,6.0,6.0,87.98,75.57
CHEMBL5948435,SUCCESS,1,-6.867,active,C30H30F4N5O2+,568.233,5.106,2.0,6.0,6.0,87.98,93.71
CHEMBL5977925,SUCCESS,1,-8.725,active,C32H30ClFN5O2+,570.207,5.159,2.0,6.0,8.0,97.63,144.09
CHEMBL6025772,SUCCESS,1,-6.232,active,C29H27ClF2N7O2+,578.188,3.268,2.0,7.0,8.0,105.8,115.06
CHEMBL5941312,SUCCESS,1,-6.259,active,C29H26ClF3N7O2+,596.178,3.736,2.0,7.0,8.0,105.8,119.11
CHEMBL5877093,SUCCESS,1,-6.401,active,C31H34F2N6O2+2,560.27,2.142,3.0,6.0,6.0,92.42,84.8
CHEMBL5885339,SUCCESS,1,-6.91,active,C29H26FN6O2+,509.21,3.578,2.0,7.0,6.0,100.87,64.41
CHEMBL5906561,SUCCESS,1,-6.396,active,C29H33FN6O3+2,532.259,0.898,3.0,7.0,7.0,101.65,80.8
CHEMBL5853896,SUCCESS,1,-5.859,active,C29H28ClFN7O2+,560.197,3.32,2.0,7.0,8.0,105.8,127.08
CHEMBL4075783,FAILED: Bad Conformer Id,0,,,,,,,,,,
CHEMBL5826223,SUCCESS,1,-6.417,active,C29H26FN6O2+,509.21,3.578,2.0,7.0,6.0,100.87,66.11
CHEMBL5748258,SUCCESS,1,-8.26,active,C30H35FN6O3+2,546.274,1.288,3.0,7.0,8.0,101.65,88.41
CHEMBL4857438,SUCCESS,1,-9.088,active,C31H33ClF2N6O2+2,594.231,2.796,3.0,6.0,6.0,92.42,82.75
CHEMBL5793869,SUCCESS,1,-6.241,active,C30H28FN6O2+,523.225,3.621,2.0,7.0,7.0,100.87,86.68
CHEMBL5756311,SUCCESS,1,-6.681,active,C30H27F2N6O2+,541.216,3.76,2.0,7.0,7.0,100.87,88.49
CHEMBL5976367,SUCCESS,1,-6.368,active,C31H33ClF2N6O2+2,594.231,2.796,3.0,6.0,6.0,92.42,100.25
CHEMBL5838288,SUCCESS,1,-6.583,active,C29H25ClF4N7O2+,614.169,3.817,2.0,7.0,7.0,105.8,135.3
CHEMBL4857719,SUCCESS,1,-6.885,active,C31H33ClF2N6O2+2,594.231,2.987,3.0,6.0,6.0,92.42,105.65
CHEMBL5170279,SUCCESS,1,-9.453,active,C31H34F2N6O2+2,560.27,2.142,3.0,6.0,6.0,92.42,85.65
CHEMBL5896075,SUCCESS,0,-5.73,decoy,C25H21FN5+,410.178,2.88,1.0,4.0,2.0,58.52,26.44
CHEMBL4084139,FAILED: Bad Conformer Id,0,,,,,,,,,,
CHEMBL6042242,SUCCESS,1,-5.847,active,C31H34F2N6O2+2,560.27,2.142,3.0,6.0,6.0,92.42,92.06
CHEMBL4074790,FAILED: Bad Conformer Id,0,,,,,,,,,,
CHEMBL5793644,SUCCESS,1,-6.09,active,C32H35ClF2N6O2+2,608.247,3.186,3.0,6.0,7.0,92.42,124.24
CHEMBL4788500,SUCCESS,1,-5.782,active,C33H29N4O2+,513.229,4.973,4.0,2.0,8.0,86.66,186.27
CHEMBL5856093,SUCCESS,1,-6.812,active,C31H33F3N6O2+2,578.261,2.281,3.0,6.0,6.0,92.42,105.39
CHEMBL4874297,SUCCESS,1,-6.272,active,C31H32F4N6O2+2,596.251,2.42,3.0,6.0,6.0,92.42,110.77
CHEMBL5999313,SUCCESS,1,-5.027,active,C39H43ClFN7O5+2,743.299,3.235,4.0,9.0,13.0,139.98,484.31
CHEMBL5878920,SUCCESS,0,-5.902,decoy,C23H21N5O2S,431.142,3.316,1.0,6.0,4.0,77.9,39.19
CHEMBL5774607,SUCCESS,0,-5.109,decoy,C17H15N5OS,337.1,3.157,1.0,5.0,5.0,72.17,19.31
CHEMBL5762821,SUCCESS,1,-6.171,active,C27H31F3N6O2+2,528.245,1.128,3.0,6.0,6.0,92.42,79.53
CHEMBL6051970,SUCCESS,0,-5.897,decoy,C24H24N5O2S+,446.165,2.067,2.0,5.0,5.0,79.1,48.2
CHEMBL5269272,SUCCESS,1,-6.883,active,C32H32F4N5O3+,610.244,4.265,2.0,7.0,6.0,85.04,106.17
CHEMBL5982761,SUCCESS,1,-5.717,active,C28H32F4N6O2+2,560.251,2.06,3.0,6.0,6.0,92.42,84.92
CHEMBL5290459,SUCCESS,1,-6.612,active,C31H35ClF2N5O3+,598.239,4.365,2.0,7.0,7.0,85.04,111.19
CHEMBL5265862,SUCCESS,1,-7.167,active,C32H32ClF3N5O3+,626.214,4.78,2.0,7.0,6.0,85.04,113.83
CHEMBL5826328,SUCCESS,0,-5.86,decoy,C26H27FN5O2+,460.214,3.393,2.0,6.0,7.0,87.98,55.08
CHEMBL4796065,SUCCESS,0,-4.786,decoy,C19H20N3O2+,322.155,1.351,4.0,2.0,6.0,69.56,28.09
CHEMBL5753679,SUCCESS,1,-6.044,active,C28H29FN5O3S+,534.197,2.894,2.0,7.0,5.0,111.04,74.3
CHEMBL5286121,SUCCESS,1,-6.435,active,C33H34F4N5O3+,624.259,4.247,3.0,7.0,7.0,96.04,120.22
CHEMBL5900980,SUCCESS,0,-5.263,decoy,C20H18FN4OS+,381.118,2.415,2.0,4.0,6.0,58.79,32.3
CHEMBL5942969,SUCCESS,1,-6.56,active,C33H35F2N9O2+2,627.287,1.585,3.0,8.0,7.0,123.13,136.37
CHEMBL6053286,SUCCESS,1,-5.996,active,C31H35FN6O2+2,542.279,2.194,3.0,6.0,6.0,92.42,84.84
CHEMBL5974392,SUCCESS,0,-5.827,decoy,C29H38FN7O+2,519.311,1.854,2.0,6.0,8.0,85.08,74.32
CHEMBL6051462,SUCCESS,1,-6.723,active,C35H39ClFN7O3+2,659.278,2.963,2.0,7.0,7.0,101.73,229.49
CHEMBL5838776,SUCCESS,0,-5.959,decoy,C25H26FN6O+,445.215,2.67,2.0,6.0,6.0,81.99,38.36
CHEMBL5938712,SUCCESS,0,-5.789,decoy,C28H31ClFN7+2,519.23,1.885,2.0,5.0,6.0,66.2,54.23
CHEMBL4869200,SUCCESS,1,-5.597,active,C32H41IN6O3+2,684.227,1.491,3.0,7.0,8.0,92.0,135.85
CHEMBL5902578,SUCCESS,0,-6.475,decoy,C29H37F2N7O+2,537.302,1.802,2.0,6.0,8.0,85.08,90.56
CHEMBL5989132,SUCCESS,0,-5.659,decoy,C29H37F2N7O+2,537.302,1.906,3.0,6.0,8.0,84.22,83.1
CHEMBL5794292,SUCCESS,1,-6.309,active,C28H31F5N6O3+2,594.237,1.888,3.0,7.0,7.0,101.65,115.47
CHEMBL5928288,SUCCESS,0,-4.889,decoy,C31H40F2N6O+2,550.322,2.581,2.0,5.0,5.0,72.19,101.5
CHEMBL6015684,SUCCESS,0,-6.026,decoy,C30H38F2N6O2+2,552.301,2.071,2.0,6.0,9.0,81.42,98.92
CHEMBL4875572,SUCCESS,1,-7.133,active,C32H40BrFN6O2+2,638.237,2.361,3.0,6.0,8.0,82.77,143.71
CHEMBL4876274,SUCCESS,1,-6.36,active,C32H40FIN6O2+2,686.223,2.203,3.0,6.0,8.0,82.77,141.05
CHEMBL4872714,SUCCESS,1,-5.503,active,C32H41BrN6O3+2,636.241,1.649,3.0,7.0,8.0,92.0,149.05
CHEMBL5919623,SUCCESS,0,-5.942,decoy,C30H35FN6O2+2,530.279,2.048,3.0,6.0,8.0,92.42,97.61
CHEMBL5739552,SUCCESS,0,-6.014,decoy,C30H38F2N6O2+2,552.301,1.511,3.0,6.0,9.0,92.42,103.74
CHEMBL6030504,SUCCESS,0,-5.563,decoy,C31H36ClFN6O+2,562.261,3.386,2.0,5.0,8.0,72.19,102.97
CHEMBL6013001,SUCCESS,0,-5.556,decoy,C33H44F2N6O+2,578.353,3.53,2.0,5.0,11.0,72.19,107.09
CHEMBL5855600,SUCCESS,1,-5.848,active,C42H51ClFN8O4+3,785.369,2.174,4.0,8.0,16.0,124.19,621.39
CHEMBL5785241,SUCCESS,0,-5.487,decoy,C30H35FN6O2+2,530.279,2.05,3.0,6.0,8.0,92.42,99.54
CHEMBL5986499,SUCCESS,0,-8.235,decoy,C24H24FN6O+,431.199,2.646,3.0,6.0,5.0,90.78,39.47
CHEMBL5913765,SUCCESS,0,-5.199,decoy,C27H30ClFN6O+2,508.214,2.075,2.0,5.0,8.0,72.19,82.1
CHEMBL5852825,SUCCESS,1,-6.678,active,C36H41ClFN7O4+2,689.288,2.589,2.0,8.0,6.0,110.96,271.75
CHEMBL5756810,SUCCESS,0,-6.362,decoy,C28H30ClFN6O+2,520.214,2.218,2.0,5.0,5.0,72.19,68.89
CHEMBL5866398,SUCCESS,0,-6.938,decoy,C16H15N5O2,309.123,2.193,2.0,5.0,6.0,92.79,22.08
CHEMBL5909652,SUCCESS,0,-6.16,decoy,C28H30ClFN6O+2,520.214,2.218,2.0,5.0,5.0,72.19,75.93
CHEMBL6048725,SUCCESS,0,-7.07,decoy,C23H22N5O3S+,448.144,1.734,2.0,6.0,5.0,100.5,43.05
CHEMBL5756840,SUCCESS,0,-4.672,decoy,C20H18N4O4S,410.105,1.509,1.0,6.0,4.0,108.8,36.66
CHEMBL6001538,SUCCESS,0,-5.631,decoy,C27H30ClFN6O+2,508.214,2.512,2.0,5.0,8.0,84.36,70.34
CHEMBL5983158,SUCCESS,0,-6.045,decoy,C30H35FN6O2+2,530.279,1.317,3.0,6.0,8.0,92.42,91.8
CHEMBL6002919,SUCCESS,1,-8.275,active,C38H45ClFN7O3+2,701.325,4.133,2.0,7.0,7.0,101.73,297.28
CHEMBL5752074,SUCCESS,1,-6.546,active,C37H43ClFN7O3+2,687.309,3.743,2.0,7.0,7.0,101.73,299.71
CHEMBL5741814,SUCCESS,0,-5.231,decoy,C23H20N4O4S,448.121,3.187,1.0,7.0,5.0,93.12,49.9
CHEMBL5923701,SUCCESS,0,-6.517,decoy,C28H35F2N7O+2,523.286,1.516,3.0,6.0,7.0,84.22,76.92
CHEMBL5795672,SUCCESS,0,-5.898,decoy,C27H28ClFN5O2+,508.191,3.966,1.0,6.0,8.0,76.98,73.29
CHEMBL5990636,SUCCESS,0,-5.555,decoy,C27H29FN5O3+,490.225,3.019,2.0,7.0,9.0,97.21,76.97
CHEMBL5929593,SUCCESS,0,-5.599,decoy,C30H35FN6O2+2,530.279,2.05,3.0,6.0,8.0,92.42,106.76
CHEMBL5826755,SUCCESS,1,-7.512,active,C37H43ClFN7O4+2,703.304,2.979,2.0,8.0,7.0,110.96,315.63
CHEMBL5808884,SUCCESS,0,-5.408,decoy,C28H35FN6O2+2,506.279,1.344,2.0,6.0,7.0,81.42,67.72
CHEMBL5969346,SUCCESS,0,-6.245,decoy,C33H32ClFN6O+2,582.23,3.915,2.0,5.0,5.0,72.19,106.92
CHEMBL5829177,SUCCESS,0,-6.268,decoy,C29H31ClF2N6O+2,552.22,2.556,2.0,5.0,6.0,72.19,102.12
CHEMBL5927937,SUCCESS,0,-6.349,decoy,C30H35FN6O+2,514.285,2.263,2.0,5.0,7.0,72.19,66.14
CHEMBL5965852,SUCCESS,0,-5.34,decoy,C28H35FN6O+2,490.285,1.644,2.0,5.0,6.0,72.19,61.46
CHEMBL5785200,SUCCESS,0,-5.861,decoy,C27H29FN9O+,514.247,2.285,2.0,7.0,8.0,114.25,81.08
CHEMBL6024631,SUCCESS,0,-9.005,decoy,C30H31FN7O+,524.257,3.562,1.0,6.0,8.0,85.57,71.4
CHEMBL5910304,SUCCESS,0,-5.671,decoy,C30H36N6O+2,496.294,2.124,2.0,5.0,7.0,72.19,78.86
CHEMBL5792486,SUCCESS,0,-7.239,decoy,C32H36F2N6O2+2,574.286,2.445,2.0,6.0,7.0,81.42,107.95
CHEMBL5952349,SUCCESS,0,-7.155,decoy,C29H34F2N8O+2,548.281,1.468,3.0,6.0,6.0,100.87,87.87
CHEMBL6054816,SUCCESS,0,-6.631,decoy,C30H32F4N6O2+2,584.251,2.448,3.0,6.0,7.0,92.42,126.91
CHEMBL6036025,SUCCESS,0,-6.007,decoy,C31H30FN6O+,521.246,4.223,1.0,6.0,7.0,80.64,81.1
CHEMBL6048017,SUCCESS,0,-6.312,decoy,C28H29ClFN7+2,517.215,2.078,2.0,5.0,3.0,78.37,46.04
CHEMBL5818796,SUCCESS,0,-6.36,decoy,C31H29ClFN6O2+,571.202,4.577,1.0,7.0,8.0,89.87,122.59
CHEMBL5944472,SUCCESS,0,-6.321,decoy,C28H27FN7O2+,512.22,2.917,2.0,7.0,7.0,105.8,85.78
CHEMBL6026808,SUCCESS,0,-6.228,decoy,C29H33F5N6O3+2,608.252,2.191,2.0,7.0,8.0,90.65,130.59
CHEMBL6020931,SUCCESS,0,-8.951,decoy,C31H30FN6O2+,537.241,3.929,2.0,7.0,8.0,100.87,118.77
CHEMBL5903362,SUCCESS,0,-5.945,decoy,C28H27FN7O2+,512.22,2.917,2.0,7.0,7.0,105.8,85.63
CHEMBL5774538,SUCCESS,0,-5.718,decoy,C29H29FN7O+,510.241,3.254,1.0,6.0,7.0,85.57,92.48
CHEMBL5876426,SUCCESS,0,-6.638,decoy,C31H26ClFN7O+,566.187,5.231,1.0,6.0,5.0,85.57,88.69
CHEMBL5773558,SUCCESS,0,-6.203,decoy,C28H27FN7O2+,512.22,2.917,2.0,7.0,7.0,105.8,86.93
CHEMBL5874325,SUCCESS,0,-8.258,decoy,C29H28ClFN7O+,544.202,3.907,1.0,6.0,7.0,85.57,105.58
CHEMBL6019240,SUCCESS,0,-6.926,decoy,C31H30FN6O2+,537.241,3.929,2.0,7.0,8.0,100.87,116.0
CHEMBL5919294,SUCCESS,0,-6.066,decoy,C29H28ClFN7O+,544.202,3.907,1.0,6.0,7.0,85.57,110.59
CHEMBL5814841,SUCCESS,0,-5.919,decoy,C29H28ClFN7O2+,560.197,3.107,2.0,7.0,8.0,105.8,115.53
CHEMBL5999795,SUCCESS,0,-7.942,decoy,C31H30FN6O3+,553.236,3.629,2.0,8.0,9.0,110.1,134.85
CHEMBL5826867,SUCCESS,0,-6.203,decoy,C27H26ClFN5O2+,506.175,3.577,1.0,6.0,5.0,76.98,74.89
CHEMBL6034474,SUCCESS,0,-7.114,decoy,C30H28ClFN7O+,556.202,4.211,2.0,6.0,4.0,96.43,81.47
CHEMBL6010058,SUCCESS,0,-6.476,decoy,C28H27ClFN8O+,545.197,3.302,1.0,7.0,7.0,98.46,103.49
CHEMBL5842562,SUCCESS,0,-5.843,decoy,C29H28ClFN7O+,544.202,3.907,1.0,6.0,7.0,85.57,114.64
CHEMBL5951742,SUCCESS,0,-5.963,decoy,C29H28ClFN7O+,544.202,3.907,1.0,6.0,7.0,85.57,102.74
CHEMBL6009459,SUCCESS,0,-6.871,decoy,C34H32FN6O2+,575.257,5.015,3.0,6.0,8.0,103.77,144.64
CHEMBL5949944,SUCCESS,0,-6.157,decoy,C21H15N5O2S,401.095,3.78,1.0,7.0,6.0,100.79,44.34
CHEMBL5807611,SUCCESS,0,-6.248,decoy,C30H28ClFN7O+,556.202,4.211,2.0,6.0,4.0,96.43,93.57
CHEMBL5850210,SUCCESS,0,-6.199,decoy,C27H32F2N6O+2,494.259,1.474,2.0,5.0,5.0,72.19,54.94
CHEMBL5745684,SUCCESS,0,-9.192,decoy,C30H27ClFN6O+,541.191,4.568,1.0,6.0,6.0,80.64,90.47
CHEMBL6048312,SUCCESS,0,-5.943,decoy,C28H28ClFN5O2+,520.191,4.11,1.0,6.0,5.0,76.98,80.51
CHEMBL5791839,SUCCESS,0,-6.002,decoy,C28H31ClF4N6O2+2,594.212,2.887,2.0,6.0,6.0,81.42,111.1
CHEMBL5906656,SUCCESS,0,-6.001,decoy,C23H22FN6O+,417.183,2.186,3.0,6.0,4.0,104.77,32.67
CHEMBL5890558,SUCCESS,0,-6.058,decoy,C28H28ClFN5O2+,520.191,4.11,1.0,6.0,5.0,76.98,77.41
CHEMBL5762420,SUCCESS,0,-6.192,decoy,C12H8ClN3O2S,293.003,2.111,2.0,5.0,3.0,74.58,11.66
CHEMBL5785483,SUCCESS,0,-6.015,decoy,C12H9N3O2S,259.042,1.457,2.0,5.0,3.0,74.58,11.58
CHEMBL5825935,SUCCESS,0,-5.683,decoy,C11H7N3OS,229.031,1.965,1.0,4.0,1.0,54.35,6.69
CHEMBL5817812,SUCCESS,0,-6.326,decoy,C15H9N3OS,279.047,3.118,1.0,4.0,1.0,54.35,8.18
CHEMBL6031071,SUCCESS,0,-5.755,decoy,C28H26ClFN7O+,530.187,3.827,1.0,6.0,6.0,85.57,98.63
CHEMBL5771327,SUCCESS,0,-5.995,decoy,C29H28ClF3N5O+,554.193,5.366,1.0,5.0,6.0,67.75,105.69
CHEMBL5832870,SUCCESS,0,-6.759,decoy,C30H27F2N6O+,525.221,4.054,1.0,6.0,6.0,80.64,77.36
CHEMBL5926740,SUCCESS,0,-5.627,decoy,C22H19N5O2S,417.126,2.927,1.0,6.0,3.0,77.9,35.5
CHEMBL5951297,SUCCESS,0,-6.365,decoy,C31H32ClF3N6O+2,596.227,3.038,2.0,5.0,5.0,72.19,118.83
CHEMBL5981972,SUCCESS,0,-6.011,decoy,C22H20N5O3S+,434.128,1.431,3.0,6.0,4.0,111.5,38.5
CHEMBL5861605,SUCCESS,0,-6.835,decoy,C32H36F2N6+2,542.296,3.182,2.0,4.0,5.0,62.96,92.02
CHEMBL5884953,SUCCESS,0,-4.964,decoy,C22H18ClN5O3S,467.082,3.286,2.0,7.0,4.0,98.13,41.62
CHEMBL5886946,SUCCESS,0,-5.359,decoy,C19H15N5O3S2,425.062,2.635,1.0,8.0,3.0,96.78,35.75
CHEMBL5981522,SUCCESS,0,-5.465,decoy,C25H26ClFN6O+2,480.183,2.173,2.0,5.0,6.0,95.39,62.06
CHEMBL5904679,SUCCESS,0,-5.903,decoy,C22H17ClN4O3S,452.071,3.832,1.0,6.0,3.0,83.89,41.53
CHEMBL5848857,SUCCESS,0,-5.965,decoy,C28H31F2N7O+2,519.255,1.155,2.0,6.0,5.0,95.98,76.3
CHEMBL5842499,SUCCESS,0,-6.43,decoy,C27H33F2N7O+2,509.27,1.057,3.0,6.0,6.0,98.21,65.76
CHEMBL6043691,SUCCESS,0,-6.154,decoy,C27H30F5N7O+2,563.242,1.697,2.0,6.0,5.0,85.08,99.96
CHEMBL5873415,SUCCESS,0,-6.233,decoy,C23H22N5O3S+,448.144,1.211,3.0,6.0,5.0,99.33,57.6
CHEMBL6021642,SUCCESS,0,-5.854,decoy,C31H26ClFN7O+,566.187,4.695,1.0,6.0,5.0,85.57,113.12
CHEMBL5941929,SUCCESS,0,-6.03,decoy,C28H32F4N6O2+2,560.251,2.234,2.0,6.0,6.0,81.42,106.98
CHEMBL5978138,SUCCESS,0,-5.408,decoy,C26H25ClFN6O+,491.176,2.733,2.0,6.0,4.0,81.99,33.59
CHEMBL6050062,SUCCESS,0,-6.549,decoy,C26H26FN6O+,457.215,2.814,2.0,6.0,4.0,81.99,25.49
CHEMBL5895141,SUCCESS,0,-6.219,decoy,C26H23ClFN5O3,507.147,2.071,1.0,7.0,6.0,107.88,71.94
CHEMBL6024085,SUCCESS,0,-6.581,decoy,C30H32FN6O2+,527.257,3.221,2.0,7.0,4.0,91.22,34.84
CHEMBL6014068,SUCCESS,0,-9.256,decoy,C32H28ClFN7O+,580.202,4.867,1.0,6.0,6.0,85.57,145.86
CHEMBL6030998,SUCCESS,0,-6.368,decoy,C30H34ClFN6O+2,548.246,3.876,2.0,5.0,6.0,95.39,99.14
CHEMBL5909201,SUCCESS,0,-5.566,decoy,C28H30FN6O2+,501.241,2.565,3.0,7.0,6.0,102.22,54.19
CHEMBL5816552,SUCCESS,0,-7.135,decoy,C35H35ClF2N6O4S+2,708.209,3.324,2.0,8.0,9.0,115.56,254.85
CHEMBL5089026,SUCCESS,0,-6.25,decoy,C23H21FN5O+,402.172,2.604,2.0,5.0,3.0,78.75,21.69
CHEMBL5789297,SUCCESS,0,-8.132,decoy,C35H35ClF2N6O4S+2,708.209,3.324,2.0,8.0,9.0,115.56,272.96
CHEMBL5934418,SUCCESS,0,-6.517,decoy,C28H29FN5O3+,502.225,3.162,2.0,7.0,5.0,97.21,50.26
CHEMBL5857134,SUCCESS,0,-6.432,decoy,C35H35ClF2N6O4S+2,708.209,3.324,2.0,8.0,9.0,115.56,268.81
CHEMBL6014784,SUCCESS,0,-6.451,decoy,C25H22F4N5O2+,500.17,3.545,2.0,6.0,5.0,87.98,51.86
CHEMBL5810664,SUCCESS,0,-5.628,decoy,C30H30Cl2FN6O2+,595.179,4.161,1.0,6.0,5.0,88.06,107.91
CHEMBL6013965,SUCCESS,0,-5.887,decoy,C26H26ClFN5O3+,510.17,2.284,3.0,7.0,8.0,108.21,74.96
CHEMBL5921595,SUCCESS,0,-5.639,decoy,C26H26ClFN5O3+,510.17,2.284,3.0,7.0,8.0,108.21,78.44
CHEMBL5826280,SUCCESS,0,-6.202,decoy,C29H37FN6O2+2,520.295,0.87,3.0,6.0,8.0,92.42,80.21
CHEMBL5982246,SUCCESS,0,-6.504,decoy,C26H23ClF4N5O2+,548.147,3.854,2.0,6.0,6.0,87.98,74.55
CHEMBL5896135,SUCCESS,0,-5.661,decoy,C27H30F4N6O2+2,546.236,1.458,3.0,6.0,6.0,92.42,74.63
CHEMBL5803405,SUCCESS,0,-6.431,decoy,C26H23F5N5O2+,532.177,3.883,2.0,6.0,7.0,87.98,66.38
CHEMBL6050012,SUCCESS,0,-7.566,decoy,C36H36ClF2N7O4S+2,735.22,2.675,3.0,8.0,9.0,135.43,281.85
CHEMBL5881822,SUCCESS,0,-6.752,decoy,C31H31ClFN6O2+,573.218,4.086,1.0,6.0,5.0,88.06,103.74
CHEMBL5742677,SUCCESS,0,-5.69,decoy,C28H29ClFN4O3+,523.191,3.731,3.0,6.0,9.0,104.97,90.02
CHEMBL5822412,SUCCESS,0,-7.26,decoy,C26H24F4N5O2+,514.186,3.935,2.0,6.0,6.0,87.98,61.42
CHEMBL5831259,SUCCESS,0,-5.23,decoy,C27H28ClFN5O3+,524.186,2.532,3.0,7.0,9.0,108.21,97.07
CHEMBL5847248,SUCCESS,0,-6.619,decoy,C28H26F4N5O2+,540.202,4.325,2.0,6.0,6.0,87.98,68.49
CHEMBL5794208,SUCCESS,0,-6.154,decoy,C35H37FN6O+2,576.3,3.525,2.0,5.0,7.0,72.19,167.48
CHEMBL5758265,SUCCESS,0,-7.999,decoy,C28H29ClFN4O3+,523.191,3.731,3.0,6.0,9.0,104.97,96.59
CHEMBL6023761,SUCCESS,0,-6.358,decoy,C27H33FN6O2+2,492.264,1.041,3.0,6.0,6.0,92.42,55.98
CHEMBL5898566,SUCCESS,0,-6.307,decoy,C27H33FN6O2+2,492.264,1.041,3.0,6.0,6.0,92.42,57.25
CHEMBL5975330,SUCCESS,0,-7.729,decoy,C31H34ClFN6O2+2,576.24,2.113,3.0,6.0,6.0,92.42,107.21
CHEMBL5849860,SUCCESS,0,-6.416,decoy,C30H26ClF2N6O2+,575.177,3.678,2.0,7.0,7.0,100.87,98.38
CHEMBL6022537,SUCCESS,0,-7.003,decoy,C31H29FN5O2+,522.23,4.226,2.0,6.0,7.0,87.98,80.29
CHEMBL6007936,SUCCESS,0,-6.412,decoy,C30H28FN6O2+,523.225,3.621,2.0,7.0,7.0,100.87,79.77
CHEMBL6063358,SUCCESS,0,-6.589,decoy,C29H27FN7O2+,524.22,3.016,2.0,8.0,7.0,113.76,76.33
CHEMBL5977406,SUCCESS,0,-6.907,decoy,C32H28ClFN5O3+,584.186,4.692,2.0,7.0,8.0,105.05,137.56
CHEMBL5944337,SUCCESS,0,-6.975,decoy,C31H36N6O+2,508.294,2.349,2.0,5.0,5.0,72.19,75.44
